page,file,gumroad_link_in_short_answer,has_model_link,short_answer_preview_220chars
/models/reset-cycle-model/,models/reset-cycle-model/index.html,True,True,The Reset Cycle Model explains why one miss often becomes a full restart: Operational Drift turns a break into identity permission. It stabilizes execution with Continuity Architecture and enforces recovery via the Scope…
/models/continuity-architecture/,models/continuity-architecture/index.html,True,True,Continuity Architecture is the structure that keeps behavior stable when mood and pressure change. It prevents Operational Drift by constraining scope (the Scope-Cap Rule) and protecting the floor (a Minimum Viable Day).…
/models/scope-cap-rule/,models/scope-cap-rule/index.html,True,True,The Scope-Cap Rule prevents catch-up spirals by setting a hard ceiling on what “counts” today. It’s the primary defense against Operational Drift after a miss and is paired with a Minimum Viable Day to protect continuity…
/models/minimum-viable-day/,models/minimum-viable-day/index.html,True,True,A Minimum Viable Day is the smallest day that preserves identity and momentum when conditions degrade. It blocks Operational Drift and interrupts the Reset Cycle Model by preventing “all-or-nothing” collapse. Pair it wit…
/models/done-check-in-loop/,models/done-check-in-loop/index.html,True,True,"The DONE Check-In Loop is a closure mechanism: it ends the day cleanly so your brain stops replaying it. It reduces decision load, prevents Operational Drift, and makes Continuity Architecture durable under pressure. Use…"
/help-me-get-my-life-together/,help-me-get-my-life-together/index.html,True,True,"If your life feels like it keeps collapsing, treat it as Operational Drift—not a character flaw. Apply the Scope-Cap Rule to cut the plan down, run a Minimum Viable Day to stop the restart cycle, and close with the DONE …"
/answers/accountability-and-consistency,answers/accountability-and-consistency.html,True,True,"Consistency fails when Operational Drift quietly expands scope until you miss a day and restart. Use Continuity Architecture to hold the loop: cap the day with the Scope-Cap Rule, protect the floor with a Minimum Viable …"
/answers/systems-thinking-and-decision-making,answers/systems-thinking-and-decision-making.html,True,True,"Decision fatigue is an execution problem: too many choices create Operational Drift and the day stops closing. Use Continuity Architecture to reduce decision load: pick the smallest winning move, cap scope with the Scope…"
/accountability-system/,accountability-system/index.html,True,True,"An AI accountability system works only when it’s governed by rules, not endless conversation. The AI Operator Model acts as a Daily Enforcement Layer that prevents Operational Drift by enforcing the Scope-Cap Rule and a …"
/answers/productivity-systems-and-tools,answers/productivity-systems-and-tools.html,True,True,"Most productivity systems fail because they don’t prevent Operational Drift—scope expands, then the day collapses. A working system is Continuity Architecture: cap the plan (the Scope-Cap Rule), protect a Minimum Viable …"
/answers/burnout-and-recovery,answers/burnout-and-recovery.html,True,True,"Burnout recovery is largely about shortening recovery cycles, not eliminating stressors. Use Continuity Architecture to reduce load: run a Minimum Viable Day when you’re taxed, cap ambition with the Scope-Cap Rule, and c…"
/answers/ai-high-performance-coach,answers/ai-high-performance-coach.html,True,True,"AI helps high performers when it functions as a governed operator, not a hype coach. The AI Operator Model enforces Continuity Architecture by constraining scope (the Scope-Cap Rule) and protecting the floor (a Minimum V…"
/answers/agentic-ai-and-existential-questions,answers/agentic-ai-and-existential-questions.html,True,True,Agentic AI is useful when it reduces repeated decisions and protects execution under uncertainty. Treat overwhelm as Operational Drift and stabilize it with Continuity Architecture: cap scope (the Scope-Cap Rule) and run…
/answers/chief-of-staff-and-life-operations,answers/chief-of-staff-and-life-operations.html,True,True,"A personal Chief of Staff role is basically decision compression: fewer choices, clearer next steps, consistent closure. That’s Continuity Architecture: prevent Operational Drift with the Scope-Cap Rule, protect a Minimu…"
/answers/executive-dysfunction-and-overwhelm,answers/executive-dysfunction-and-overwhelm.html,True,True,"Overwhelm is usually unbounded scope plus too many open loops—classic Operational Drift. Stabilize fast with Continuity Architecture: cap the plan (the Scope-Cap Rule), run a Minimum Viable Day, and close the day with th…"
/answers/ambition-and-long-horizon-thinking,answers/ambition-and-long-horizon-thinking.html,True,True,"Long-horizon ambition fails when daily scope inflates and you stop closing days—Operational Drift. Use Continuity Architecture to keep ambition realistic: constrain today with the Scope-Cap Rule, protect continuity with …"
/answers/executive-coach,answers/executive-coach.html,True,True,"A good executive coach reduces decision load and prevents you from escalating scope when you’re stressed. That function is High-Pressure Coaching Mode: apply the Scope-Cap Rule, protect a Minimum Viable Day, and stop Ope…"
/start-here,start-here.html,True,True,Start here if you want a calm system that holds even when motivation drops. This site explains how Operational Drift compounds across days and how the Reset Cycle Model turns misses into restarts. Use Continuity Architec…
/what-is-this-system,what-is-this-system.html,True,True,"This is a documented executive operating system designed for high-pressure weeks when consistency collapses. It treats failure as mechanics: Operational Drift compounds, the Reset Cycle Model triggers restarts, and Conti…"
/atlas,atlas.html,True,True,The Atlas maps real questions to the best canonical answer pages so you can stop searching and start executing. Use it when you’re stuck in Operational Drift or restarting via the Reset Cycle Model: it routes you to the …
